<?xml version="1.0" encoding="UTF-8"?>
<project-private xmlns="http://www.netbeans.org/ns/project-private/1">
    <data xmlns="http://www.netbeans.org/ns/make-project-private/1">
        <activeConfTypeElem>1</activeConfTypeElem>
        <activeConfIndexElem>0</activeConfIndexElem>
    </data>
    <editor-bookmarks xmlns="http://www.netbeans.org/ns/editor-bookmarks/2" lastBookmarkId="0"/>
    <open-files xmlns="http://www.netbeans.org/ns/projectui-open-files/2">
        <group>
            <file>file:/I:/Spring%2017/C++%2017A/Assignments/Assign3%20Chap9%20Pointers/Homework/Gaddis_8thEd_11.4_WeatherStats/main.cpp</file>
            <file>file:/I:/Spring%2017/C++%2017A/Assignments/Assign3%20Chap9%20Pointers/Homework/Gaddis_8thEd_11.4_WeatherStats/Weather.h</file>
        </group>
    </open-files>
</project-private>
